{
    "ID": 19900054,
    "Specials": {
        "Radius": 7000
    },
    "Events": {
        "OnInteract": {
            "ID": 100,
            "Actions": [
                {
                    "$type": "Share.CActionPerformCfg",
                    "ID": 101,
                    "PerformID": 3000013,
                    "Participators": { "2000": "A" }
                },
                {
                    "$type": "Share.CActionResetEventCfg",
                    "ID": 102
                }
            ]
        }
    },
    "Predicates": [
        {
            "$type": "Share.CConfigEventByCharacterType",
            "Type": "1"
        }
    ] 
}
