{
    //主城任务车库气泡
    "ID": 19900044,
    "Specials": {
        "Radius": 7000
    },
    "Events": {
        "OnInteract": {
            "ID": 100,
            "Actions": [
                {
                    "$type": "Share.CActionPerformCfg",
                    "ID": 101,
                    "PerformID": 3000052
                },
                {
                        "$type": "Share.CActionSetQuestPhaseCfg",
                        "ID": 108,
                        "TargetPhase": "Finished",
                        //Unlocked InProgress Finished
                        "QuestID": 10020064
                },
                {
                     "$type": "Share.CActionChangeInteractCfg",
                     "ID": 111,
                     "InteractID": 19900055,
                     "TagIDs": [
                         2001
                     ],
                     "Participators": {
                         "2001": "A"
                     },
                     "InteractShape": "Sphere",
                     "InteractScale": {
                         "X": 2,
                         "Y": 0,
                         "Z": 0
                     }                                                                 
                },
                {
                    "$type": "Share.CActionResetEventCfg",
                    "ID": 102
                }
            ]
        }
    },
    "Predicates": [
        {
            "$type": "Share.CConfigEventByCharacterType",
            "Type": "1"
        }
    ] 
}
