{  
    //主城默认传送-Street2Workshop
    "ID": 10000001,
    "Specials": {
        "Radius": 2000
    },
    "Events": {
        "OnInteract": {
            "ID": 100,
            "Actions": [
                {
                    "$type": "Share.CActionSwitchSection",
                    "ID": 101,
                    "SectionID": 2,
                    "Transform": "Workshop_PlayerPos_FromStreet",
                    "CameraY": 6000,// must * 10000
                    "CameraX": 0
                },
                {
                    "$type": "Share.CActionResetEventCfg",
                    "ID": 102
                }
            ]
        }
    }
}
