<!-- Aseprite -->
<!-- Copyright (C) 2001-2016 by David Capello -->
<gui>
<window id="duplicate_sprite" text="@.title">
  <box vertical="true">
    <box horizontal="true" expansive="true">
      <box vertical="true" homogeneous="true">
        <label text="@.duplicate" />
        <label text="@.as" />
      </box>
      <box vertical="true" homogeneous="true" expansive="true">
        <label text="" id="src_name" />
        <entry maxsize="256" id="dst_name" magnet="true" />
      </box>
    </box>
    <check text="@.merged_layers" id="flatten" />
    <box horizontal="true" homogeneous="true">
      <button text="@general.ok" closewindow="true" id="ok" magnet="true" />
      <button text="@general.cancel" closewindow="true" />
    </box>
  </box>
</window>
</gui>
