<!-- Aseprite -->
<!-- Copyright (C) 2001-2016 by David Capello -->
<gui>
  <window id="new_folder_window" text="@new_folder.title">
    <vbox>
      <hbox>
        <label text="@new_folder.folder_name" />
        <entry text="@new_folder.default_new_folder_name" id="name" maxsize="256" magnet="true" expansive="true" />
      </hbox>
      <hbox>
        <boxfiller />
        <hbox homogeneous="true">
          <button text="@general.ok" closewindow="true" id="ok" magnet="true" width="60" />
          <button text="@general.cancel" closewindow="true" id="cancel" />
        </hbox>
      </hbox>
    </vbox>
  </window>
</gui>
