{
    "ID": 1000232,
    "Events": {
        "OnStart": {
            "ID": 10002321,
            "Actions": [
                {
                    "$type": "Share.CConfigCameraStretch",
                    "ID": 1,
                    "ShakeKey": "Shake_Standard_Light_LV3",
                    "Type": "TriggerPosition",
                    "Parallel": true
                },
                {
                    "$type": "Share.CConfigPlayAnim",
                    "ID": 2,
                    "AnimID": 21033,
                    "Indexes": [ { "X": 19, "Y": 3 } ],
                    "Looping": false
                },
                {
                    "$type": "Share.CConfigWaitSeconds",
                    "ID": 3,
                    "WaitTime": 0.1
                },
                {
                    "$type": "Share.CConfigCameraStretch",
                    "ID": 4,
                    "ShakeKey": "Shake_Standard_Light_LV3",
                    "Type": "TriggerPosition",
                    "Parallel": true
                },
                {
                    "$type": "Share.CConfigCameraMoveV2",
                    "ID": 5,
                    "StretchKey": "TargetSlow",
                    "Type": "CustomBound",
                    "PositionOffsetType": "Relative",
                    "PositionOffsetX": "",
                    "PositionOffsetY": "",
                    "RadiusX": "",
                    "RadiusY": "",
                    "BoundIndexX": { "X": 17, "Y": 4 },
                    "BoundIndexY": { "X": 20, "Y": 7 },
                    "FreezeZ": false,
                    "Parallel": false
                },
                {
                    "$type": "Share.CConfigEventModification",
                    "ID": 6,
                    "X": 18,
                    "Y": 4,
                    "Position": "Absolute",
                    "Radius": 1,
                    "ModificationNum": 1,
                    "ModificationType": 1,
                    "TargetEventID": [1098, 1095],
                    "EventID": [1095, 1098],
                    "EventState": "ShowEvent",
                    "VisibleState": "Visible"
                },
                {
                    "$type": "Share.CConfigEventModification",
                    "ID": 7,
                    "X": 20,
                    "Y": 6,
                    "Position": "Absolute",
                    "Radius": 1,
                    "ModificationNum": 1,
                    "ModificationType": 1,
                    "TargetEventID": [1097, 1096],
                    "EventID": [1096, 1097],
                    "EventState": "ShowEvent",
                    "VisibleState": "Visible"
                },
                {
                    "$type": "Share.CConfigWaitSeconds",
                    "ID": 8,
                    "WaitTime": 1
                },
                {
                    "$type": "Share.CConfigCameraMoveV2",
                    "ID": 9,
                    "StretchKey": "Back",
                    "Type": "Back",
                    "PositionOffsetType": "Relative",
                    "PositionOffsetX": "",
                    "PositionOffsetY": "",
                    "RadiusX": "",
                    "RadiusY": "",
                    "BoundIndexX": { "X": -32768, "Y": -32768 },
                    "BoundIndexY": { "X": -32768, "Y": -32768 },
                    "FreezeZ": false,
                    "Parallel": false
                }
            ]
        }
    }
}
