{
    "ID": 1024,
    "Events": {
        "OnStart": {
            "ID": 10241,
            "Actions": [
                {
                    "$type": "Share.CConfigReward",
                    "ID": 1,
                    "OnceRewardID": "specials(OnceRewardID)"
                },
                {
                    "$type": "Share.CConfigPlayAnim",
                    "ID": 2,
                    "AnimID": 21048,
                    "Indexes": []
                },
                {
                    "$type": "Share.CConfigEventModification",
                    "ID": 3,
                    "X": 0,
                    "Y": 0,
                    "Position": "Relative",
                    "Radius": 1,
                    "ModificationNum": 1,
                    "ModificationType": 1,
                    "EventID": [1000],
                    "EventState": "Finished",
                    "VisibleState": "Visible"
                }
            ]
        }
    }
}
