{
    "ID": 1000233,
    "Events": {
        "OnStart": {
            "ID": 10002331,
            "Actions": [
                // Hide previous grids except current one
                {
                    "$type": "Share.CConfigSetMapState",
                    "ID": 1,
                    "X": 10,
                    "Y": 5,
                    "Position": "Absolute",
                    "Radius": 0,
                    "Count": 1,
                    "FromVisibleState": ["Visible"],
                    "ToVisibleState": ["VisibleByTriggerEvent"]
                },
                {
                    "$type": "Share.CConfigSetMapState",
                    "ID": 2,
                    "X": 7,
                    "Y": 5,
                    "Position": "Absolute",
                    "Radius": 0,
                    "Count": 1,
                    "FromVisibleState": ["Visible"],
                    "ToVisibleState": ["VisibleByTriggerEvent"]
                },
                {
                    "$type": "Share.CConfigSetMapState",
                    "ID": 3,
                    "X": 4,
                    "Y": 6,
                    "Position": "Absolute",
                    "Radius": 0,
                    "Count": 1,
                    "FromVisibleState": ["Visible"],
                    "ToVisibleState": ["VisibleByTriggerEvent"]
                },
                {
                    "$type": "Share.CConfigSetMapState",
                    "ID": 4,
                    "X": 13,
                    "Y": 5,
                    "Position": "Absolute",
                    "Radius": 0,
                    "Count": 1,
                    "FromVisibleState": ["Visible"],
                    "ToVisibleState": ["VisibleByTriggerEvent"]
                },
                {
                    "$type": "Share.CConfigSetMapState",
                    "ID": 5,
                    "X": 5,
                    "Y": 5,
                    "Position": "Absolute",
                    "Radius": 0,
                    "Count": 1,
                    "FromVisibleState": ["Visible"],
                    "ToVisibleState": ["VisibleByTriggerEvent"]
                },
                {
                    "$type": "Share.CConfigSetMapState",
                    "ID": 6,
                    "X": 9,
                    "Y": 6,
                    "Position": "Absolute",
                    "Radius": 0,
                    "Count": 1,
                    "FromVisibleState": ["Visible"],
                    "ToVisibleState": ["VisibleByTriggerEvent"]
                },
                {
                    "$type": "Share.CConfigSetMapState",
                    "ID": 7,
                    "X": 12,
                    "Y": 5,
                    "Position": "Absolute",
                    "Radius": 0,
                    "Count": 1,
                    "FromVisibleState": ["Visible"],
                    "ToVisibleState": ["VisibleByTriggerEvent"]
                },
                {
                    "$type": "Share.CConfigSetMapState",
                    "ID": 8,
                    "X": 6,
                    "Y": 7,
                    "Position": "Absolute",
                    "Radius": 0,
                    "Count": 1,
                    "FromVisibleState": ["Visible"],
                    "ToVisibleState": ["VisibleByTriggerEvent"]
                },
                {
                    "$type": "Share.CConfigSetMapState",
                    "ID": 9,
                    "X": 7,
                    "Y": 7,
                    "Position": "Absolute",
                    "Radius": 0,
                    "Count": 1,
                    "FromVisibleState": ["Visible"],
                    "ToVisibleState": ["VisibleByTriggerEvent"]
                },
                {
                    "$type": "Share.CConfigSetMapState",
                    "ID": 10,
                    "X": 8,
                    "Y": 7,
                    "Position": "Absolute",
                    "Radius": 0,
                    "Count": 1,
                    "FromVisibleState": ["Visible"],
                    "ToVisibleState": ["VisibleByTriggerEvent"]
                },
                {
                    "$type": "Share.CConfigSetMapState",
                    "ID": 11,
                    "X": 0,
                    "Y": 5,
                    "Position": "Absolute",
                    "Radius": 0,
                    "Count": 1,
                    "FromVisibleState": ["Visible"],
                    "ToVisibleState": ["VisibleByTriggerEvent"]
                },
                {
                    "$type": "Share.CConfigSetMapState",
                    "ID": 12,
                    "X": 5,
                    "Y": 7,
                    "Position": "Absolute",
                    "Radius": 0,
                    "Count": 1,
                    "FromVisibleState": ["Visible"],
                    "ToVisibleState": ["VisibleByTriggerEvent"]
                },
                {
                    "$type": "Share.CConfigSetMapState",
                    "ID": 13,
                    "X": 4,
                    "Y": 7,
                    "Position": "Absolute",
                    "Radius": 0,
                    "Count": 1,
                    "FromVisibleState": ["Visible"],
                    "ToVisibleState": ["VisibleByTriggerEvent"]
                },
                {
                    "$type": "Share.CConfigSetMapState",
                    "ID": 14,
                    "X": 3,
                    "Y": 5,
                    "Position": "Absolute",
                    "Radius": 0,
                    "Count": 1,
                    "FromVisibleState": ["Visible"],
                    "ToVisibleState": ["VisibleByTriggerEvent"]
                },
                {
                    "$type": "Share.CConfigSetMapState",
                    "ID": 15,
                    "X": 1,
                    "Y": 5,
                    "Position": "Absolute",
                    "Radius": 0,
                    "Count": 1,
                    "FromVisibleState": ["Visible"],
                    "ToVisibleState": ["VisibleByTriggerEvent"]
                },
                {
                    "$type": "Share.CConfigSetMapState",
                    "ID": 16,
                    "X": 9,
                    "Y": 7,
                    "Position": "Absolute",
                    "Radius": 0,
                    "Count": 1,
                    "FromVisibleState": ["Visible"],
                    "ToVisibleState": ["VisibleByTriggerEvent"]
                },
                {
                    "$type": "Share.CConfigSetMapState",
                    "ID": 17,
                    "X": 2,
                    "Y": 5,
                    "Position": "Absolute",
                    "Radius": 0,
                    "Count": 1,
                    "FromVisibleState": ["Visible"],
                    "ToVisibleState": ["VisibleByTriggerEvent"]
                },
                {
                    "$type": "Share.CConfigSetMapState",
                    "ID": 18,
                    "X": 6,
                    "Y": 5,
                    "Position": "Absolute",
                    "Radius": 0,
                    "Count": 1,
                    "FromVisibleState": ["Visible"],
                    "ToVisibleState": ["VisibleByTriggerEvent"]
                },
                {
                    "$type": "Share.CConfigSetMapState",
                    "ID": 19,
                    "X": 11,
                    "Y": 5,
                    "Position": "Absolute",
                    "Radius": 0,
                    "Count": 1,
                    "FromVisibleState": ["Visible"],
                    "ToVisibleState": ["VisibleByTriggerEvent"]
                },
                {
                    "$type": "Share.CConfigSetMapState",
                    "ID": 20,
                    "X": 4,
                    "Y": 5,
                    "Position": "Absolute",
                    "Radius": 0,
                    "Count": 1,
                    "FromVisibleState": ["Visible"],
                    "ToVisibleState": ["VisibleByTriggerEvent"]
                },
                {
                    "$type": "Share.CConfigSetMapState",
                    "ID": 21,
                    "X": 8,
                    "Y": 5,
                    "Position": "Absolute",
                    "Radius": 0,
                    "Count": 1,
                    "FromVisibleState": ["Visible"],
                    "ToVisibleState": ["VisibleByTriggerEvent"]
                },
                {
                    "$type": "Share.CConfigSetMapState",
                    "ID": 22,
                    "X": 9,
                    "Y": 5,
                    "Position": "Absolute",
                    "Radius": 0,
                    "Count": 1,
                    "FromVisibleState": ["Visible"],
                    "ToVisibleState": ["VisibleByTriggerEvent"]
                },
                // Start anim
                {
                    "$type": "Share.CConfigPlayAnim",
                    "ID": 50,
                    "AnimID": 20008,
                    "Indexes": [ { "X": 14, "Y": 5 } ]
                },
                // Show newly 'explored' grids
                {
                    "$type": "Share.CConfigSetMapState",
                    "ID": 101,
                    "X": 21,
                    "Y": 7,
                    "Position": "Absolute",
                    "Radius": 0,
                    "Count": 1,
                    "FromVisibleState": ["VisibleByTriggerEvent"],
                    "ToVisibleState": ["Visible"]
                },
                {
                    "$type": "Share.CConfigSetMapState",
                    "ID": 102,
                    "X": 23,
                    "Y": 7,
                    "Position": "Absolute",
                    "Radius": 0,
                    "Count": 1,
                    "FromVisibleState": ["VisibleByTriggerEvent"],
                    "ToVisibleState": ["Visible"]
                },
                {
                    "$type": "Share.CConfigSetMapState",
                    "ID": 103,
                    "X": 18,
                    "Y": 3,
                    "Position": "Absolute",
                    "Radius": 0,
                    "Count": 1,
                    "FromVisibleState": ["VisibleByTriggerEvent"],
                    "ToVisibleState": ["Visible"]
                },
                {
                    "$type": "Share.CConfigSetMapState",
                    "ID": 104,
                    "X": 23,
                    "Y": 6,
                    "Position": "Absolute",
                    "Radius": 0,
                    "Count": 1,
                    "FromVisibleState": ["VisibleByTriggerEvent"],
                    "ToVisibleState": ["Visible"]
                },
                {
                    "$type": "Share.CConfigSetMapState",
                    "ID": 105,
                    "X": 18,
                    "Y": 2,
                    "Position": "Absolute",
                    "Radius": 0,
                    "Count": 1,
                    "FromVisibleState": ["VisibleByTriggerEvent"],
                    "ToVisibleState": ["Visible"]
                },
                {
                    "$type": "Share.CConfigSetMapState",
                    "ID": 106,
                    "X": 23,
                    "Y": 5,
                    "Position": "Absolute",
                    "Radius": 0,
                    "Count": 1,
                    "FromVisibleState": ["VisibleByTriggerEvent"],
                    "ToVisibleState": ["Visible"]
                },
                {
                    "$type": "Share.CConfigSetMapState",
                    "ID": 107,
                    "X": 18,
                    "Y": 1,
                    "Position": "Absolute",
                    "Radius": 0,
                    "Count": 1,
                    "FromVisibleState": ["VisibleByTriggerEvent"],
                    "ToVisibleState": ["Visible"]
                },
                {
                    "$type": "Share.CConfigSetMapState",
                    "ID": 108,
                    "X": 15,
                    "Y": 2,
                    "Position": "Absolute",
                    "Radius": 0,
                    "Count": 1,
                    "FromVisibleState": ["VisibleByTriggerEvent"],
                    "ToVisibleState": ["Visible"]
                },
                {
                    "$type": "Share.CConfigSetMapState",
                    "ID": 109,
                    "X": 20,
                    "Y": 6,
                    "Position": "Absolute",
                    "Radius": 0,
                    "Count": 1,
                    "FromVisibleState": ["VisibleByTriggerEvent"],
                    "ToVisibleState": ["Visible"]
                },
                {
                    "$type": "Share.CConfigSetMapState",
                    "ID": 110,
                    "X": 17,
                    "Y": 7,
                    "Position": "Absolute",
                    "Radius": 0,
                    "Count": 1,
                    "FromVisibleState": ["VisibleByTriggerEvent"],
                    "ToVisibleState": ["Visible"]
                },
                {
                    "$type": "Share.CConfigSetMapState",
                    "ID": 112,
                    "X": 18,
                    "Y": 6,
                    "Position": "Absolute",
                    "Radius": 0,
                    "Count": 1,
                    "FromVisibleState": ["VisibleByTriggerEvent"],
                    "ToVisibleState": ["Visible"]
                },
                {
                    "$type": "Share.CConfigSetMapState",
                    "ID": 113,
                    "X": 22,
                    "Y": 7,
                    "Position": "Absolute",
                    "Radius": 0,
                    "Count": 1,
                    "FromVisibleState": ["VisibleByTriggerEvent"],
                    "ToVisibleState": ["Visible"]
                },
                {
                    "$type": "Share.CConfigSetMapState",
                    "ID": 114,
                    "X": 17,
                    "Y": 3,
                    "Position": "Absolute",
                    "Radius": 0,
                    "Count": 1,
                    "FromVisibleState": ["VisibleByTriggerEvent"],
                    "ToVisibleState": ["Visible"]
                },
                {
                    "$type": "Share.CConfigSetMapState",
                    "ID": 117,
                    "X": 15,
                    "Y": 4,
                    "Position": "Absolute",
                    "Radius": 0,
                    "Count": 1,
                    "FromVisibleState": ["VisibleByTriggerEvent"],
                    "ToVisibleState": ["Visible"]
                },
                {
                    "$type": "Share.CConfigSetMapState",
                    "ID": 119,
                    "X": 22,
                    "Y": 5,
                    "Position": "Absolute",
                    "Radius": 0,
                    "Count": 1,
                    "FromVisibleState": ["VisibleByTriggerEvent"],
                    "ToVisibleState": ["Visible"]
                },
                {
                    "$type": "Share.CConfigSetMapState",
                    "ID": 120,
                    "X": 18,
                    "Y": 5,
                    "Position": "Absolute",
                    "Radius": 0,
                    "Count": 1,
                    "FromVisibleState": ["VisibleByTriggerEvent"],
                    "ToVisibleState": ["Visible"]
                },
                {
                    "$type": "Share.CConfigSetMapState",
                    "ID": 121,
                    "X": 17,
                    "Y": 5,
                    "Position": "Absolute",
                    "Radius": 0,
                    "Count": 1,
                    "FromVisibleState": ["VisibleByTriggerEvent"],
                    "ToVisibleState": ["Visible"]
                },
                {
                    "$type": "Share.CConfigSetMapState",
                    "ID": 123,
                    "X": 21,
                    "Y": 5,
                    "Position": "Absolute",
                    "Radius": 0,
                    "Count": 1,
                    "FromVisibleState": ["VisibleByTriggerEvent"],
                    "ToVisibleState": ["Visible"]
                },
                {
                    "$type": "Share.CConfigSetMapState",
                    "ID": 124,
                    "X": 19,
                    "Y": 5,
                    "Position": "Absolute",
                    "Radius": 0,
                    "Count": 1,
                    "FromVisibleState": ["VisibleByTriggerEvent"],
                    "ToVisibleState": ["Visible"]
                },
                {
                    "$type": "Share.CConfigSetMapState",
                    "ID": 125,
                    "X": 15,
                    "Y": 5,
                    "Position": "Absolute",
                    "Radius": 0,
                    "Count": 1,
                    "FromVisibleState": ["VisibleByTriggerEvent"],
                    "ToVisibleState": ["Visible"]
                },
                {
                    "$type": "Share.CConfigSetMapState",
                    "ID": 126,
                    "X": 15,
                    "Y": 3,
                    "Position": "Absolute",
                    "Radius": 0,
                    "Count": 1,
                    "FromVisibleState": ["VisibleByTriggerEvent"],
                    "ToVisibleState": ["Visible"]
                },
                {
                    "$type": "Share.CConfigSetMapState",
                    "ID": 127,
                    "X": 19,
                    "Y": 6,
                    "Position": "Absolute",
                    "Radius": 0,
                    "Count": 1,
                    "FromVisibleState": ["VisibleByTriggerEvent"],
                    "ToVisibleState": ["Visible"]
                },
                {
                    "$type": "Share.CConfigSetMapState",
                    "ID": 128,
                    "X": 19,
                    "Y": 3,
                    "Position": "Absolute",
                    "Radius": 0,
                    "Count": 1,
                    "FromVisibleState": ["VisibleByTriggerEvent"],
                    "ToVisibleState": ["Visible"]
                },
                {
                    "$type": "Share.CConfigSetMapState",
                    "ID": 129,
                    "X": 19,
                    "Y": 2,
                    "Position": "Absolute",
                    "Radius": 0,
                    "Count": 1,
                    "FromVisibleState": ["VisibleByTriggerEvent"],
                    "ToVisibleState": ["Visible"]
                },
                {
                    "$type": "Share.CConfigSetMapState",
                    "ID": 130,
                    "X": 17,
                    "Y": 6,
                    "Position": "Absolute",
                    "Radius": 0,
                    "Count": 1,
                    "FromVisibleState": ["VisibleByTriggerEvent"],
                    "ToVisibleState": ["Visible"]
                },
                {
                    "$type": "Share.CConfigSetMapState",
                    "ID": 131,
                    "X": 18,
                    "Y": 7,
                    "Position": "Absolute",
                    "Radius": 0,
                    "Count": 1,
                    "FromVisibleState": ["VisibleByTriggerEvent"],
                    "ToVisibleState": ["Visible"]
                },
                {
                    "$type": "Share.CConfigSetMapState",
                    "ID": 132,
                    "X": 21,
                    "Y": 6,
                    "Position": "Absolute",
                    "Radius": 0,
                    "Count": 1,
                    "FromVisibleState": ["VisibleByTriggerEvent"],
                    "ToVisibleState": ["Visible"]
                },
                {
                    "$type": "Share.CConfigSetMapState",
                    "ID": 133,
                    "X": 16,
                    "Y": 2,
                    "Position": "Absolute",
                    "Radius": 0,
                    "Count": 1,
                    "FromVisibleState": ["VisibleByTriggerEvent"],
                    "ToVisibleState": ["Visible"]
                },
                {
                    "$type": "Share.CConfigSetMapState",
                    "ID": 134,
                    "X": 19,
                    "Y": 7,
                    "Position": "Absolute",
                    "Radius": 0,
                    "Count": 1,
                    "FromVisibleState": ["VisibleByTriggerEvent"],
                    "ToVisibleState": ["Visible"]
                },
                {
                    "$type": "Share.CConfigSetMapState",
                    "ID": 135,
                    "X": 17,
                    "Y": 2,
                    "Position": "Absolute",
                    "Radius": 0,
                    "Count": 1,
                    "FromVisibleState": ["VisibleByTriggerEvent"],
                    "ToVisibleState": ["Visible"]
                },
                {
                    "$type": "Share.CConfigSetMapState",
                    "ID": 136,
                    "X": 22,
                    "Y": 6,
                    "Position": "Absolute",
                    "Radius": 0,
                    "Count": 1,
                    "FromVisibleState": ["VisibleByTriggerEvent"],
                    "ToVisibleState": ["Visible"]
                },
                {
                    "$type": "Share.CConfigSetMapState",
                    "ID": 137,
                    "X": 18,
                    "Y": 4,
                    "Position": "Absolute",
                    "Radius": 0,
                    "Count": 1,
                    "FromVisibleState": ["VisibleByTriggerEvent"],
                    "ToVisibleState": ["Visible"]
                },
                // Post appear camera move
                {
                    "$type": "Share.CConfigCameraMoveV2",
                    "ID": 51,
                    "StretchKey": "TargetSlow",
                    "Type": "CustomBound",
                    "PositionOffsetType": "Relative",
                    "PositionOffsetX": "",
                    "PositionOffsetY": "",
                    "RadiusX": "",
                    "RadiusY": "",
                    "BoundIndexX": { "X": 16, "Y": 1 },
                    "BoundIndexY": { "X": 23, "Y": 7 },
                    "FreezeZ": false,
                    "Parallel": true
                },
                {
                    "$type": "Share.CConfigWaitSeconds",
                    "ID": 52,
                    "WaitTime": 2
                },
                // Post appear tips
                {
                    "$type": "Share.CConfigCameraMoveV2",
                    "ID": 201,
                    "StretchKey": "TargetFast",
                    "Type": "CustomBound",
                    "PositionOffsetType": "Relative",
                    "PositionOffsetX": "",
                    "PositionOffsetY": "",
                    "RadiusX": "",
                    "RadiusY": "",
                    "BoundIndexX": { "X": 21, "Y": 5 },
                    "BoundIndexY": { "X": 23, "Y": 7 },
                    "FreezeZ": false,
                    "Parallel": false
                },
                {
                    "$type": "Share.CConfigWaitSeconds",
                    "ID": 202,
                    "WaitTime": 0.5
                },
                {
                    "$type": "Share.CConfigShowTip",
                    "ID": 203,
                    "TipID": 100020034
                },
                {
                    "$type": "Share.CConfigWaitTipsEnd",
                    "ID": 204,
                    "TipsID": [100020033, 100020034]
                },
                {
                    "$type": "Share.CConfigCameraMoveV2",
                    "ID": 205,
                    "StretchKey": "TargetFast",
                    "Type": "CustomBound",
                    "PositionOffsetType": "Relative",
                    "PositionOffsetX": "",
                    "PositionOffsetY": "",
                    "RadiusX": "",
                    "RadiusY": "",
                    "BoundIndexX": { "X": 17, "Y": 0 },
                    "BoundIndexY": { "X": 19, "Y": 2 },
                    "FreezeZ": true,
                    "Parallel": false
                },
                {
                    "$type": "Share.CConfigWaitSeconds",
                    "ID": 206,
                    "WaitTime": 0.5
                },
                {
                    "$type": "Share.CConfigShowTip",
                    "ID": 207,
                    "TipID": 100020036
                },
                {
                    "$type": "Share.CConfigWaitTipsEnd",
                    "ID": 208,
                    "TipsID": [100020035, 100020036]
                },
                {
                    "$type": "Share.CConfigCameraMoveV2",
                    "ID": 209,
                    "StretchKey": "Back",
                    "Type": "Back",
                    "PositionOffsetType": "Relative",
                    "PositionOffsetX": "",
                    "PositionOffsetY": "",
                    "RadiusX": "",
                    "RadiusY": "",
                    "BoundIndexX": { "X": -32768, "Y": -32768 },
                    "BoundIndexY": { "X": -32768, "Y": -32768 },
                    "FreezeZ": false,
                    "Parallel": false
                },
                {
                    "$type": "Share.CConfigShowPopWindow",
                    "ID": 210,
                    "PopID": 20016,
                    "ShowDirectly": true
                }
            ]
        }
    }
}
