{
    "ID": 100200791,
    "Sections": {
        "1": {
            "SectionProgress": {
                "ID": 1002007911,
                "OnAdd": [
                ],
                "OnExit": [
                    "Sec1_OnExitTrigger"
                ],
                "Events": {
                    "Sec1_OnExitTrigger": {
                        "ID": 200,
                        "Actions": [
                            //删除所有的交互
                            {
                                "$type": "Share.CActionRemoveMainCityQuestInteractCfg",
                                "ID": 201
                            }
                        ]
                    }
                }
            }
        }
    }
}
