{
    "ID": 10020028,
    "Sections": {
        "2": {
            "SectionProgress": {
                "ID": 100200281,
                "OnAdd": ["Sec1_CreateTrigger"],
                "OnEnter": [],
                "Events": {
                    "Sec1_CreateTrigger": {
                        "ID": 100,
                        "Actions": [
                            {
                                "$type": "Share.CActionSetMainCityTime",
                                "ID": 101,
                                "TimePeriod": "Evening"
                            }
                        ]
                    }
                }
            }
        }
    }
}
