{
    "ID": 100200031,
    "Sections": {
        "2": {
            "SectionProgress": {
                "ID": 1002000311,
                "OnAdd": [
                    "Sec1_DefaultTrigger"
                ],
                "OnExit": [
                    "Sec1_OnExitTrigger"
                ],
                "Events": {
                    "Sec1_DefaultTrigger": {
                        "ID": 100,
                        "Actions": [
                            {
                                "$type": "Share.CActionRemoveMainCityQuestInteractCfg",
                                "ID": 101
                            }                      
                        ]
                    },
                    "Sec1_OnExitTrigger": {
                        "ID": 200,
                        "Actions": [
                            {
                                "$type": "Share.CActionRemoveMainCityQuestInteractCfg",
                                "ID": 201
                            },                            
                           {
                               "$type": "Share.CActionRemoveMainCityQuestNpcCfg",
                               "ID": 202
                           }
                           
                        ]
                    }
                }
            }
        }
    }
}
